{
    "accuracies": [
        0.415031847710822,
        0.44280254827183524,
        0.4692993636343889,
        0.5014012744168567,
        0.525859873051856,
        0.5271337582806873,
        0.572484076888698,
        0.5704458602522589,
        0.5709554144531298,
        0.5819108284506829,
        0.5780891725364005,
        0.5770700641346586,
        0.583184713846559,
        0.5836942679715005,
        0.5982165609347593,
        0.5908280258725404,
        0.5859872615413302,
        0.5938853507436764,
        0.5844585991513198,
        0.5969426755692548,
        0.5915923570523596
    ],
    "epoch_times": [
        20.118476152420044,
        20.15103578567505,
        20.10277485847473,
        20.09714674949646,
        20.13116192817688,
        20.18864679336548,
        20.099390745162964,
        20.085198163986206,
        20.191973447799683,
        20.173566341400146,
        20.165858268737793,
        20.17684245109558,
        20.133247137069702,
        20.129411935806274,
        20.09754991531372,
        20.12874126434326,
        20.150411128997803,
        20.10755181312561,
        20.146551370620728,
        20.15376353263855,
        20.102161645889282
    ],
    "flops_macs": 1520171914,
    "inference_latency_ms": {
        "mean": 10.377616882324219,
        "std": 0.9501748378733514
    },
    "param_count": 4085706,
    "peak_memories_mb": [
        9859.4033203125,
        9859.4033203125,
        9859.4033203125,
        9859.4033203125,
        9859.4033203125,
        9859.4033203125,
        9859.4033203125,
        9859.4033203125,
        9859.4033203125,
        9859.4033203125,
        9859.4033203125,
        9859.4033203125,
        9859.4033203125,
        9859.4033203125,
        9859.4033203125,
        9859.4033203125,
        9859.4033203125,
        9859.4033203125,
        9859.4033203125,
        9859.4033203125,
        9859.4033203125
    ],
    "test_losses": [
        1.8433375726080246,
        1.7839878614389213,
        1.733766816710211,
        1.6917064694082662,
        1.6317252204372625,
        1.597041813127554,
        1.517445334871863,
        1.5171940903147314,
        1.5190339658518506,
        1.4865314927981916,
        1.4790108500316643,
        1.5109136002230796,
        1.5250726922454347,
        1.508386396845435,
        1.4887392121211738,
        1.5190309525143568,
        1.531536525434749,
        1.555333397403644,
        1.604560079119008,
        1.5621072702347094,
        1.5994511072195259
    ],
    "top5_accuracies": [
        0.8407643314835372,
        0.8591082805281232,
        0.869299363330671,
        0.8871337581592001,
        0.8912101912498475,
        0.9016560510313435,
        0.9118471339250066,
        0.9133757962998311,
        0.9146496817412649,
        0.9197452231121671,
        0.9233121021082447,
        0.9222929937672463,
        0.9136305734458243,
        0.9136305733698948,
        0.9235668791175647,
        0.9156687899304043,
        0.9121019109495127,
        0.9179617835306059,
        0.8955414014105584,
        0.910318471428695,
        0.912356688065134
    ],
    "train_losses": [
        2.0324436216045174,
        1.8587011978736787,
        1.7862580369676806,
        1.718420828102584,
        1.6553484574204225,
        1.6016805355394512,
        1.5527139520529318,
        1.49160645456019,
        1.4547186100013354,
        1.420281324848377,
        1.391315739954748,
        1.334946385607295,
        1.3277763531771793,
        1.2695333467062127,
        1.2417460897930925,
        1.1761606265705684,
        1.1110011454380884,
        1.0700259255385975,
        1.0137760520787107,
        0.9727451584636001,
        0.9400059757495534
    ]
}