{
    "accuracies": [
        0.3044585993031787,
        0.34649681589406006,
        0.37630573292446745,
        0.41783439554226626,
        0.4532484081900044,
        0.4968152870645948,
        0.5092993635736454,
        0.49808917247565687,
        0.545222930346325,
        0.5533757967857799,
        0.5561783443894356,
        0.5630573252507836,
        0.5954140132855458,
        0.5997452233703273,
        0.5941401278896696,
        0.614777070397784,
        0.6152866245379114,
        0.6137579624060613,
        0.6326114654085438,
        0.6425477711106562,
        0.6644585990753903,
        0.6453503188813567,
        0.6468789812409954,
        0.6606369431003644,
        0.6603821659391853,
        0.6654777075378758,
        0.6955414016079751,
        0.6850955418112931,
        0.6868789812713672,
        0.6848407646956717,
        0.6904458603130025,
        0.6988535035643608,
        0.6973248411895363,
        0.7054777074163886,
        0.6993630577044881,
        0.6922292997427048,
        0.6782165608740157,
        0.6950318475589631,
        0.7133757965883631,
        0.705222930331139,
        0.7021656055663043,
        0.7113375800734113,
        0.7230573251748541,
        0.7276433123904429,
        0.71490445891763,
        0.7245859876104221,
        0.7217834397941638,
        0.7281528665305702,
        0.7286624206858835,
        0.7278980894908783,
        0.726624204125374,
        0.7273885352900074,
        0.7442038220205125,
        0.7383439493179321,
        0.7373248410984209,
        0.7401273887780062,
        0.7452229302703954,
        0.7370700641194726,
        0.749808917531542,
        0.7401273888843075,
        0.7452229302096519,
        0.755159235942136,
        0.7462420385354643
    ],
    "epoch_times": [
        58.21008276939392,
        25.64503240585327,
        25.59297752380371,
        25.615230083465576,
        25.5889892578125,
        25.616516828536987,
        25.581712007522583,
        25.584141492843628,
        25.634826183319092,
        25.626325368881226,
        25.683510541915894,
        25.628968954086304,
        25.685877799987793,
        25.605737686157227,
        25.641828536987305,
        25.622535467147827,
        25.609981536865234,
        25.65368938446045,
        25.61974263191223,
        25.660544395446777,
        25.635494709014893,
        25.615407705307007,
        25.663658380508423,
        25.602295398712158,
        25.621262073516846,
        25.62999439239502,
        25.569417715072632,
        25.650281190872192,
        25.658032178878784,
        25.573366165161133,
        25.605732440948486,
        25.630594968795776,
        25.622914791107178,
        25.637199878692627,
        25.64022994041443,
        25.63327693939209,
        25.619850158691406,
        25.582834720611572,
        25.67391538619995,
        25.603301286697388,
        25.625279903411865,
        25.63852882385254,
        25.610950231552124,
        25.705114364624023,
        25.59756302833557,
        25.575629711151123,
        25.624754905700684,
        25.567229747772217,
        25.677128553390503,
        25.575451612472534,
        25.66144061088562,
        25.54654598236084,
        25.65041756629944,
        25.603711128234863,
        25.61400032043457,
        25.619879245758057,
        25.620258331298828,
        25.591145992279053,
        25.641788721084595,
        25.604202032089233,
        25.627501964569092,
        25.579394578933716,
        25.66306495666504
    ],
    "flops_macs": 1938556066,
    "inference_latency_ms": {
        "mean": 8.353548049926758,
        "std": 0.5917978356476982
    },
    "param_count": 3675082,
    "peak_memories_mb": [
        13272.6064453125,
        13272.6064453125,
        13272.6064453125,
        13272.6064453125,
        13272.6064453125,
        13272.6064453125,
        13272.6064453125,
        13272.6064453125,
        13272.6064453125,
        13272.6064453125,
        13272.6064453125,
        13272.6064453125,
        13272.6064453125,
        13272.6064453125,
        13272.6064453125,
        13272.6064453125,
        13272.6064453125,
        13272.6064453125,
        13272.6064453125,
        13272.6064453125,
        13272.6064453125,
        13272.6064453125,
        13272.6064453125,
        13272.6064453125,
        13272.6064453125,
        13272.6064453125,
        13272.6064453125,
        13272.6064453125,
        13272.6064453125,
        13272.6064453125,
        13272.6064453125,
        13272.6064453125,
        13272.6064453125,
        13272.6064453125,
        13272.6064453125,
        13272.6064453125,
        13272.6064453125,
        13272.6064453125,
        13272.6064453125,
        13272.6064453125,
        13272.6064453125,
        13272.6064453125,
        13272.6064453125,
        13272.6064453125,
        13272.6064453125,
        13272.6064453125,
        13272.6064453125,
        13272.6064453125,
        13272.6064453125,
        13272.6064453125,
        13272.6064453125,
        13272.6064453125,
        13272.6064453125,
        13272.6064453125,
        13272.6064453125,
        13272.6064453125,
        13272.6064453125,
        13272.6064453125,
        13272.6064453125,
        13272.6064453125,
        13272.6064453125,
        13272.6064453125,
        13272.6064453125
    ],
    "test_losses": [
        2.0436020518867832,
        1.9779314626705875,
        1.8797720971077112,
        1.8033525995388153,
        1.7752889382915131,
        1.6459906438961152,
        1.6575627265918027,
        1.6672160075424582,
        1.5511821351081703,
        1.5550129893782791,
        1.5546644786360917,
        1.537478361980171,
        1.4452462701736741,
        1.4661382940012937,
        1.4370600737432007,
        1.4188228965564897,
        1.397225827624084,
        1.4121804550195196,
        1.3773414228524372,
        1.3538623842919708,
        1.2835853576660157,
        1.3416622689727005,
        1.3351619996842305,
        1.3162213989427896,
        1.3287519481075798,
        1.3217591354042102,
        1.2382234238667094,
        1.2676382910370068,
        1.2559474645906192,
        1.2870104663994661,
        1.2393878012250183,
        1.2158933209765488,
        1.2150229556089753,
        1.23686557593619,
        1.2446557772387365,
        1.2620753420690063,
        1.3031674890153726,
        1.2375230329355615,
        1.1797659795906894,
        1.2273931740803323,
        1.2361825596147282,
        1.1987009766147394,
        1.1890808646390392,
        1.1832538865326316,
        1.2064287331757273,
        1.1780303375584305,
        1.1979013169039587,
        1.183318554641335,
        1.195152778078796,
        1.197340713033251,
        1.1937806225126717,
        1.1792474188774256,
        1.153193992748382,
        1.1544328191174065,
        1.175225338480275,
        1.1808319456865832,
        1.1650600856124975,
        1.1948958128728684,
        1.1877389772378715,
        1.213344448417615,
        1.1834356498718261,
        1.1697125279371905,
        1.1946739547571559
    ],