{
    "accuracies": [
        0.3607643317416975,
        0.38751592406801355,
        0.448152866712801,
        0.4873885354114946,
        0.49477707050408526,
        0.46853503230271065,
        0.5029299367764953,
        0.4935031851082091,
        0.5184713381263101,
        0.516942675690742,
        0.4822929940861502,
        0.48585987312778545,
        0.4891719750386135,
        0.5278980895668078,
        0.5021656055814901,
        0.5070063698823285,
        0.5299363061273173,
        0.547006369806399,
        0.5416560514413628,
        0.526624204277233,
        0.516687898681422,
        0.48178344003713813,
        0.4073885356240971,
        0.4585987267372714,
        0.4932484080685172,
        0.48152866304300396,
        0.4601273891272818,
        0.5126114654692875
    ],
    "epoch_times": [
        83.25261759757996,
        24.303582668304443,
        24.318384647369385,
        24.329907655715942,
        24.318589687347412,
        24.381063222885132,
        24.416898250579834,
        24.40681529045105,
        24.3758807182312,
        24.37432050704956,
        24.343755960464478,
        24.34572434425354,
        24.31320357322693,
        24.309900522232056,
        24.347160816192627,
        24.400868892669678,
        24.387765645980835,
        24.381397247314453,
        24.35192322731018,
        24.388859033584595,
        24.346757411956787,
        24.347652673721313,
        24.32528257369995,
        24.39180016517639,
        24.37408185005188,
        24.41863751411438,
        24.35572600364685,
        24.35480833053589
    ],
    "flops_macs": 1758539146,
    "inference_latency_ms": {
        "mean": 10.78564167022705,
        "std": 1.078192808109204
    },
    "param_count": 5317578,
    "peak_memories_mb": [
        12151.7119140625,
        12151.7119140625,
        12151.7119140625,
        12151.7119140625,
        12151.7119140625,
        12151.7119140625,
        12151.7119140625,
        12151.7119140625,
        12151.7119140625,
        12151.7119140625,
        12151.7119140625,
        12151.7119140625,
        12151.7119140625,
        12151.7119140625,
        12151.7119140625,
        12151.7119140625,
        12151.7119140625,
        12151.7119140625,
        12151.7119140625,
        12151.7119140625,
        12151.7119140625,
        12151.7119140625,
        12151.7119140625,
        12151.7119140625,
        12151.7119140625,
        12151.7119140625,
        12151.7119140625,
        12151.7119140625
    ],
    "test_losses": [
        1.9276550443612845,
        1.8856626508190373,
        1.7477494310877126,
        1.6851208302929144,
        1.6575958455444142,
        1.7226396451634207,
        1.6773717625733393,
        1.681816717651999,
        1.642500832369373,
        1.671296506899937,
        1.7242229202598522,
        1.7080538921599175,
        1.7337913219184633,
        1.6517092675616027,
        1.6913290551058047,
        1.67272880177589,
        1.6272402203310827,
        1.578981241542063,
        1.611030473921709,
        1.6291425444669785,
        1.6476148158881314,
        1.746183951280679,
        1.9582943028856994,
        1.7842935970634413,
        1.7026494717142384,
        1.7409016535388435,
        1.8163218489118442,
        1.7321145263295266
    ],
    "top5_accuracies": [
        0.8129936308010368,
        0.8318471340313079,
        0.873121019305697,
        0.8843312104036853,
        0.8929936307706651,
        0.8853503186991261,
        0.8878980894605065,
        0.8907006370641624,
        0.8978343951018752,
        0.8914649683047252,
        0.882038216788298,
        0.8838216562787439,
        0.8741401277074389,
        0.894012739035734,
        0.8858598729303688,
        0.8866242039431432,
        0.8896815287990935,
        0.9090445861846778,
        0.897070063922056,
        0.8957961785413657,
        0.8881528664546408,
        0.8642038218382817,
        0.8351592359421359,
        0.8634394907951355,
        0.8766878982562168,
        0.8685350321660376,
        0.8583439494090475,
        0.8721019110861857
    ],
    "train_losses": [
        2.063689068147053,
        1.90969566238104,
        1.85834103154839,
        1.7809323140164592,
        1.7067637802970637,
        1.6851946888106943,
        1.705126899224625,
        1.744650030629614,
        1.695299002648105,
        1.6652951405712841,
        1.686961873958224,
        1.6880163582416985,
        1.7445818944948757,
        1.6797592679453899,
        1.6721866937811163,
        1.7087227519908845,
        1.619384526060783,
        1.6185625427967014,
        1.5842356580352945,
        1.7180582302426672,
        1.5843951957935087,
        1.6659296778089607,
        1.8753433794818668,
        1.8288582586816604,
        1.7122749475053503,
        1.6958524280294898,
        1.765768943158761,
        1.7699698943977988
    ]
}