{
    "accuracies": [
        0.3118471342742823,
        0.3663694273438423,
        0.4374522298612412,
        0.4652229304678121,
        0.48611465016747735,
        0.5016560513806191,
        0.49808917246047096,
        0.495541401759834,
        0.5549044590087453,
        0.5773248412502799,
        0.5551592362002962,
        0.5994904463761931,
        0.5383439495609065,
        0.6214012743105555,
        0.6231847137706295,
        0.6321019112987882,
        0.6389808921145785,
        0.6529936309377099,
        0.6672611468764627,
        0.645859872899997,
        0.6621656053992593,
        0.6583439494090475,
        0.6606369430092489,
        0.6692993634066005,
        0.6840764335158525,
        0.6940127392179647,
        0.6873885353659369,
        0.6443312105099867,
        0.7072611468460909,
        0.7064968156662716,
        0.7072611468916487,
        0.7215286628152154,
        0.7103184716564834,
        0.7121019112076729,
        0.7123566882777366,
        0.6927388540195052,
        0.7243312105403584,
        0.7230573252355976,
        0.7245859876104221,
        0.7294267519416323,
        0.7222929940861501,
        0.7396178347593659,
        0.7309554143316427,
        0.7286624207466271,
        0.7222929939039194,
        0.735541401623161,
        0.7431847137706294,
        0.7426751595849445,
        0.7449681532610753,
        0.7357961786172952,
        0.7357961787539683,
        0.737834395147433,
        0.740891720170428,
        0.7332484080381454,
        0.7500636946471634,
        0.7324840768279544,
        0.7508280258269826
    ],
    "epoch_times": [
        110.77118587493896,
        25.471095323562622,
        25.431613445281982,
        25.510018587112427,
        25.44173002243042,
        25.478129625320435,
        25.454323291778564,
        25.460113048553467,
        25.479647874832153,
        25.47541046142578,
        25.437017917633057,
        25.487968683242798,
        25.454042196273804,
        25.483275413513184,
        25.464680910110474,
        25.4648540019989,
        25.47060203552246,
        25.45921540260315,
        25.450317859649658,
        25.43243718147278,
        25.49959135055542,
        25.49563765525818,
        25.43155026435852,
        25.462093830108643,
        25.453304767608643,
        25.467830181121826,
        25.54925513267517,
        25.50541639328003,
        25.497607231140137,
        25.51794981956482,
        25.43118953704834,
        25.435359477996826,
        25.434688568115234,
        25.480674743652344,
        25.481102228164673,
        25.426007509231567,
        25.451754808425903,
        25.463913917541504,
        25.552933931350708,
        25.452670335769653,
        25.465730905532837,
        25.46518850326538,
        25.435253858566284,
        25.442941904067993,
        25.453810691833496,
        25.460442304611206,
        25.487297773361206,
        25.516209840774536,
        25.44600486755371,
        25.52429747581482,
        25.527318000793457,
        25.454314947128296,
        25.473966121673584,
        25.46948003768921,
        25.475459098815918,
        25.563626289367676,
        25.49777388572693
    ],
    "flops_macs": 1938556066,
    "inference_latency_ms": {
        "mean": 8.526444435119629,
        "std": 0.31424026113286957
    },
    "param_count": 3675082,
    "peak_memories_mb": [
        13272.6064453125,
        13272.6064453125,
        13272.6064453125,
        13272.6064453125,
        13272.6064453125,
        13272.6064453125,
        13272.6064453125,
        13272.6064453125,
        13272.6064453125,
        13272.6064453125,
        13272.6064453125,
        13272.6064453125,
        13272.6064453125,
        13272.6064453125,
        13272.6064453125,
        13272.6064453125,
        13272.6064453125,
        13272.6064453125,
        13272.6064453125,
        13272.6064453125,
        13272.6064453125,
        13272.6064453125,
        13272.6064453125,
        13272.6064453125,
        13272.6064453125,
        13272.6064453125,
        13272.6064453125,
        13272.6064453125,
        13272.6064453125,
        13272.6064453125,
        13272.6064453125,
        13272.6064453125,
        13272.6064453125,
        13272.6064453125,
        13272.6064453125,
        13272.6064453125,
        13272.6064453125,
        13272.6064453125,
        13272.6064453125,
        13272.6064453125,
        13272.6064453125,
        13272.6064453125,
        13272.6064453125,
        13272.6064453125,
        13272.6064453125,
        13272.6064453125,
        13272.6064453125,
        13272.6064453125,
        13272.6064453125,
        13272.6064453125,
        13272.6064453125,
        13272.6064453125,
        13272.6064453125,
        13272.6064453125,
        13272.6064453125,
        13272.6064453125,
        13272.6064453125
    ],
    "test_losses": [
        2.032161118665319,
        1.9233527804635893,
        1.7782179683636707,
        1.7229254720165472,
        1.6753992979693564,
        1.6360651265587776,
        1.6519880162075067,
        1.6603999543038144,
        1.5153426017579,
        1.488648594412834,
        1.544475125294582,
        1.4535222844409335,
        1.559419801371872,
        1.402648693224427,
        1.3885795573823771,
        1.3690426398234763,
        1.3612727815785985,
        1.3339252357725884,
        1.2849795221219398,
        1.3525715100233722,
        1.3200628360821183,
        1.3161731438424178,
        1.298785788845864,
        1.291118912028659,
        1.2689099552980654,
        1.2362397193908692,
        1.2440453239307283,
        1.3407013416290283,
        1.2042344529765427,
        1.2099119867336978,
        1.218815152781784,
        1.172853293904833,
        1.1967515559105357,
        1.1861092038367205,
        1.1969134933325896,
        1.2599407798621305,
        1.200700435456197,
        1.213438244716377,
        1.176417537282227,
        1.1701160695142807,
        1.196245060847823,
        1.1417251832621873,
        1.1590968258669423,
        1.1804658317565917,
        1.217489297982234,
        1.1684524852910618,
        1.1345517864348782,
        1.1559255968081723,
        1.1479469189977949,
        1.1792329769377496,
        1.1830155217723481,
        1.1836820523450329,
        1.184116089268095,
        1.1950494149991662,
        1.157524704447218,
        1.1946048839532646,
        1.1529026867629617
    ],