{
    "accuracies": [
        0.38420382215718557,
        0.4249681534281202,
        0.47159235714347497,
        0.5049681532914472,
        0.5187261150900725,
        0.5403821660910443,
        0.5533757965731773,
        0.5737579622086446,
        0.5814012743105554,
        0.557197452715248,
        0.5707006374589957,
        0.5867515928426366,
        0.5933757965579913,
        0.560254777464897,
        0.5849681532307036,
        0.5747770704585276,
        0.579617834759366,
        0.5796178347897378,
        0.5648407647564153,
        0.5806369430699926,
        0.570445860237073,
        0.5750318476197066
    ],
    "epoch_times": [
        57.931931018829346,
        21.40998649597168,
        21.4762761592865,
        21.541001081466675,
        21.489738941192627,
        21.440146446228027,
        21.530866384506226,
        21.493003845214844,
        21.52337622642517,
        21.471421480178833,
        21.494179725646973,
        21.524327278137207,
        21.546290397644043,
        21.509156942367554,
        21.57632803916931,
        21.519179105758667,
        21.517289400100708,
        21.518500566482544,
        21.53703260421753,
        21.497066736221313,
        21.518829584121704,
        21.474442720413208
    ],
    "flops_macs": 1599627658,
    "inference_latency_ms": {
        "mean": 10.78038215637207,
        "std": 1.006425794920191
    },
    "param_count": 4496330,
    "peak_memories_mb": [
        10605.4150390625,
        10605.4150390625,
        10605.4150390625,
        10605.4150390625,
        10605.4150390625,
        10605.4150390625,
        10605.4150390625,
        10605.4150390625,
        10605.4150390625,
        10605.4150390625,
        10605.4150390625,
        10605.4150390625,
        10605.4150390625,
        10605.4150390625,
        10605.4150390625,
        10605.4150390625,
        10605.4150390625,
        10605.4150390625,
        10605.4150390625,
        10605.4150390625,
        10605.4150390625,
        10605.4150390625
    ],
    "test_losses": [
        1.893134571184778,
        1.8049610056543046,
        1.7018811341911364,
        1.6450488092033726,
        1.6516926833170995,
        1.590724953967295,
        1.5572282763195646,
        1.5429155888223345,
        1.5131700944900512,
        1.554550799503448,
        1.5685402011263903,
        1.485691700072805,
        1.5178440652227705,
        1.6119165519240555,
        1.5863357974009908,
        1.5827147196812235,
        1.5975182024840338,
        1.6170153397967102,
        1.7234254807575493,
        1.6738916456016006,
        1.6446748119099126,
        1.6806671517669776
    ],
    "top5_accuracies": [
        0.8328662423723063,
        0.8514649684565841,
        0.8830573250989245,
        0.8973248409769338,
        0.8955414014561162,
        0.905987261404657,
        0.9070063696241683,
        0.9179617835913494,
        0.9197452231577248,
        0.9146496817108932,
        0.9092993632395556,
        0.9250955415075751,
        0.9210191084624856,
        0.9070063696241683,
        0.9108280255991942,
        0.9090445861391201,
        0.9042038217623523,
        0.9039490446922885,
        0.8929936306947356,
        0.8929936306795497,
        0.9011464969671455,
        0.8957961784654362
    ],
    "train_losses": [
        2.0424449446460917,
        1.8964443566718843,
        1.813823940459596,
        1.71790227248961,
        1.6551632754011332,
        1.5999750196776379,
        1.532407156377952,
        1.5065524028440076,
        1.4472008980570656,
        1.4060461959764339,
        1.3821359179518218,
        1.3431856596352798,
        1.2719608939226532,
        1.208436958879714,
        1.1448914989497017,
        1.0894828033568125,
        1.0135725760160272,
        0.9751533717562246,
        0.9216607458325321,
        0.8700123507541693,
        0.8371480573305096,
        0.780720787650618
    ]
}