{
    "accuracies": [
        0.2336305738406576,
        0.31821656085882977,
        0.3969426756603703,
        0.4478980895516219,
        0.44407643375882677,
        0.48152866283040135,
        0.5019108286480994,
        0.5406369432674092,
        0.5577070068553754,
        0.5169426756451844,
        0.5633121024271485,
        0.5844585991816915,
        0.5928662426000948,
        0.5959235673953014,
        0.5691719749930558,
        0.6224203826819256,
        0.6394904463154495,
        0.6387261151508161,
        0.6509554144683157,
        0.6746496819994252,
        0.623694267895571,
        0.6840764334854806,
        0.6840764335006665,
        0.6555414017294623,
        0.685859873051856,
        0.6891719749171263,
        0.6845859877470952,
        0.6894267520023759,
        0.6774522297549399,
        0.6848407647716012,
        0.7031847138769308,
        0.7034394908406932,
        0.7177070068098178,
        0.7258598730062983,
        0.7289171978318767,
        0.7207643316050244,
        0.7161783442679485,
        0.7345222932973485,
        0.732229299697147,
        0.730700637261579,
        0.7177070067035165,
        0.7385987264791112,
        0.737070064058729,
        0.7299363061273174,
        0.7396178346834364,
        0.7426751595242008,
        0.7459872615109583,
        0.7296815289813242,
        0.7375796181988564,
        0.7521019112076729,
        0.7436942679866864,
        0.7421656053688875,
        0.7314649685476996,
        0.7436942679107569,
        0.7492993633914146,
        0.7457324844105229,
        0.750318471732413,
        0.7480254780259102,
        0.756433121353198,
        0.747515923870597
    ],
    "epoch_times": [
        68.36479353904724,
        25.67026376724243,
        25.62647247314453,
        25.670803546905518,
        25.63207197189331,
        25.58065366744995,
        25.575583457946777,
        25.625532388687134,
        25.6137273311615,
        25.540710926055908,
        25.593118906021118,
        25.62374711036682,
        25.60537815093994,
        25.67230248451233,
        25.669018507003784,
        25.625478506088257,
        25.634346961975098,
        25.60574173927307,
        25.62011194229126,
        25.623496532440186,
        25.584359169006348,
        25.633434772491455,
        25.621960401535034,
        25.61850929260254,
        25.666335582733154,
        25.57167959213257,
        25.609333038330078,
        25.600268363952637,
        25.612100839614868,
        25.605634689331055,
        25.606446504592896,
        25.599037647247314,
        25.586454153060913,
        25.546940565109253,
        25.62180781364441,
        25.59824776649475,
        25.629746437072754,
        25.588858604431152,
        25.61754035949707,
        25.631423473358154,
        25.640189170837402,
        25.576181173324585,
        25.618313789367676,
        25.65570044517517,
        25.583779335021973,
        25.54076337814331,
        25.578637838363647,
        25.635032176971436,
        25.562307119369507,
        25.59444570541382,
        25.54669213294983,
        25.60233497619629,
        25.585150480270386,
        25.58146071434021,
        25.570672512054443,
        25.555541515350342,
        25.58340835571289,
        25.668205976486206,
        25.603630781173706,
        25.54532241821289
    ],
    "flops_macs": 1938556066,
    "inference_latency_ms": {
        "mean": 8.249530792236328,
        "std": 0.495264537888949
    },
    "param_count": 3675082,
    "peak_memories_mb": [
        13272.6064453125,
        13272.6064453125,
        13272.6064453125,
        13272.6064453125,
        13272.6064453125,
        13272.6064453125,
        13272.6064453125,
        13272.6064453125,
        13272.6064453125,
        13272.6064453125,
        13272.6064453125,
        13272.6064453125,
        13272.6064453125,
        13272.6064453125,
        13272.6064453125,
        13272.6064453125,
        13272.6064453125,
        13272.6064453125,
        13272.6064453125,
        13272.6064453125,
        13272.6064453125,
        13272.6064453125,
        13272.6064453125,
        13272.6064453125,
        13272.6064453125,
        13272.6064453125,
        13272.6064453125,
        13272.6064453125,
        13272.6064453125,
        13272.6064453125,
        13272.6064453125,
        13272.6064453125,
        13272.6064453125,
        13272.6064453125,
        13272.6064453125,
        13272.6064453125,
        13272.6064453125,
        13272.6064453125,
        13272.6064453125,
        13272.6064453125,
        13272.6064453125,
        13272.6064453125,
        13272.6064453125,
        13272.6064453125,
        13272.6064453125,
        13272.6064453125,
        13272.6064453125,
        13272.6064453125,
        13272.6064453125,
        13272.6064453125,
        13272.6064453125,
        13272.6064453125,
        13272.6064453125,
        13272.6064453125,
        13272.6064453125,
        13272.6064453125,
        13272.6064453125,
        13272.6064453125,
        13272.6064453125,
        13272.6064453125
    ],
    "test_losses": [
        2.105373099594359,
        2.0010607829367277,
        1.8644641625957123,
        1.7563514709776373,
        1.7848563015992474,
        1.6354989582717798,
        1.626438291725839,
        1.5553228651338322,
        1.5092739772189194,
        1.6217763272668146,
        1.5108451281687256,
        1.461121135881752,
        1.442352212249853,
        1.4280127042418074,
        1.5058365036423798,
        1.3991156872670363,
        1.350203992758587,
        1.345430513703899,
        1.3178340642163708,
        1.276531900934353,
        1.4113710141030087,
        1.2578355932235719,
        1.232710009896831,
        1.318490619811283,
        1.2496213039774804,
        1.2258076323369507,
        1.2454099898125714,
        1.2292795159103005,
        1.2510623382155304,
        1.2728555037261575,
        1.2404554930765916,
        1.1954080291310694,
        1.196290165968002,
        1.1774889874002736,
        1.1601335262189245,
        1.1786097113190184,
        1.196169915168908,
        1.167800073775516,
        1.1552460495833379,
        1.1638157867018584,
        1.2001674105711044,
        1.1510489151584116,
        1.1677985552162122,
        1.182655759009586,
        1.152470949804707,
        1.1565418092764108,
        1.139215262923271,
        1.1794321599583717,
        1.161739830545559,
        1.1274402836477682,
        1.146624151612543,
        1.149359421213721,
        1.1928265267876303,
        1.1582718683048419,
        1.150627359766869,
        1.162760220545872,
        1.1511249828338623,
        1.1573129583164385,
        1.1409457908314504,
        1.172130956254947
    ],