{
    "accuracies": [
        0.3984713380959383,
        0.4629299367309376,
        0.5095541404614783,
        0.5261146501674774,
        0.5375796183051577,
        0.5447133762365693,
        0.5658598731125996,
        0.5735031851537667,
        0.5704458601763294,
        0.5875159239465264,
        0.5887898094031462,
        0.5974522296790105,
        0.5938853507133046,
        0.5954140131488728,
        0.5994904461787764,
        0.6017834399004651,
        0.6010191087206458,
        0.6020382169553429,
        0.5982165608740156,
        0.5834394908103214,
        0.5966878985447489,
        0.6010191087054599,
        0.603312102351219,
        0.5931210194727418
    ],
    "epoch_times": [
        19.480724096298218,
        19.473407983779907,
        19.51600432395935,
        19.464577674865723,
        19.457644939422607,
        19.43648362159729,
        19.47624397277832,
        19.461394548416138,
        19.59042978286743,
        19.461074590682983,
        19.555932760238647,
        19.48369073867798,
        19.50818705558777,
        19.51199960708618,
        19.47384548187256,
        19.52382516860962,
        19.515660762786865,
        19.48355722427368,
        19.558552503585815,
        19.501216173171997,
        19.52003026008606,
        19.502233028411865,
        19.54256772994995,
        19.507616996765137
    ],
    "flops_macs": 1480444042,
    "inference_latency_ms": {
        "mean": 10.318565368652344,
        "std": 0.20861175532252965
    },
    "param_count": 3880394,
    "peak_memories_mb": [
        9447.5341796875,
        9447.5341796875,
        9447.5341796875,
        9447.5341796875,
        9447.5341796875,
        9447.5341796875,
        9447.5341796875,
        9447.5341796875,
        9447.5341796875,
        9447.5341796875,
        9447.5341796875,
        9447.5341796875,
        9447.5341796875,
        9447.5341796875,
        9447.5341796875,
        9447.5341796875,
        9447.5341796875,
        9447.5341796875,
        9447.5341796875,
        9447.5341796875,
        9447.5341796875,
        9447.5341796875,
        9447.5341796875,
        9447.5341796875
    ],
    "test_losses": [
        1.8756117488472326,
        1.7493634636083226,
        1.647793785690502,
        1.6272508011653923,
        1.5864428686640064,
        1.6002841448935734,
        1.5162451530869598,
        1.5106219934354161,
        1.5280415809534158,
        1.4813240057951327,
        1.4711340576524188,
        1.4685297553250745,
        1.486779175472867,
        1.4589670472236196,
        1.484384627342224,
        1.4990186714366742,
        1.5233786299274226,
        1.499494975144696,
        1.5253043890910543,
        1.5504883481286893,
        1.5538368825548015,
        1.549764454896283,
        1.5565119593917944,
        1.5945210659428006
    ],
    "top5_accuracies": [
        0.8346496818627521,
        0.8692993633610427,
        0.8917197454051607,
        0.8963057327118649,
        0.9003821657721404,
        0.8968152867608769,
        0.9149044588417005,
        0.9110828026996297,
        0.9146496816957073,
        0.9215286626026129,
        0.9250955415986906,
        0.9228025478921879,
        0.9230573250229951,
        0.9278980893390194,
        0.9228025479225596,
        0.9159235669852822,
        0.9179617835457917,
        0.9215286625266834,
        0.9113375797393216,
        0.9159235670004681,
        0.9118471338794489,
        0.9021656052322145,
        0.9138853503944008,
        0.9067515924174315
    ],
    "train_losses": [
        2.0556607901552737,
        1.8659808518126417,
        1.7474470112741478,
        1.6425840535125105,
        1.5965690868610136,
        1.535033107219345,
        1.509142154574155,
        1.479405136895993,
        1.4574983346322508,
        1.4065146646148137,
        1.3768454925325808,
        1.3370377385939851,
        1.3056632466799154,
        1.2594027353171524,
        1.2147958786009936,
        1.1681211430188758,
        1.132770418516496,
        1.0913807740495,
        1.0284243729817275,
        1.009913584526067,
        0.9605042617919516,
        0.9131824123228676,
        0.8867182625625438,
        0.8712231971001673
    ]
}